지점,지점명,일시,평균기온(°C)
108,서울,2023-10-01,18.4
108,서울,2023-10-02,18.2
108,서울,2023-10-03,17.5
108,서울,2023-10-04,17.3
108,서울,2023-10-05,14.2
108,서울,2023-10-06,15.5
108,서울,2023-10-07,16.8
108,서울,2023-10-08,17.1
108,서울,2023-10-09,17.4
108,서울,2023-10-10,17.1
108,서울,2023-10-11,17.6
108,서울,2023-10-12,17.5
108,서울,2023-10-13,17.5
108,서울,2023-10-14,14.7
108,서울,2023-10-15,16.1
108,서울,2023-10-16,14.7
108,서울,2023-10-17,13.8
108,서울,2023-10-18,15.7
108,서울,2023-10-19,17
108,서울,2023-10-20,11.6
108,서울,2023-10-21,10.4
108,서울,2023-10-22,12.5
108,서울,2023-10-23,15.2
108,서울,2023-10-24,15.6
108,서울,2023-10-25,16.6
108,서울,2023-10-26,17.2
108,서울,2023-10-27,15.7
108,서울,2023-10-28,14.2
108,서울,2023-10-29,14.9
108,서울,2023-10-30,15.1
108,서울,2023-10-31,16.5
108,서울,2023-11-01,19
108,서울,2023-11-02,20.8
108,서울,2023-11-03,19.5
108,서울,2023-11-04,17.4
108,서울,2023-11-05,17.3
108,서울,2023-11-06,13.3
108,서울,2023-11-07,5.8
108,서울,2023-11-08,8.4
108,서울,2023-11-09,11.4
108,서울,2023-11-10,3.4
108,서울,2023-11-11,1.7
108,서울,2023-11-12,1.2
108,서울,2023-11-13,2
108,서울,2023-11-14,5
108,서울,2023-11-15,7
108,서울,2023-11-16,6.6
108,서울,2023-11-17,1.6
108,서울,2023-11-18,.6
108,서울,2023-11-19,5.9
108,서울,2023-11-20,6.2
108,서울,2023-11-21,7.4
108,서울,2023-11-22,9.5
108,서울,2023-11-23,9.9
108,서울,2023-11-24,-1.5
108,서울,2023-11-25,-1.3
108,서울,2023-11-26,4
108,서울,2023-11-27,6.2
108,서울,2023-11-28,1.3
108,서울,2023-11-29,-1.4
108,서울,2023-11-30,-4.3
108,서울,2023-12-01,-3.2
108,서울,2023-12-02,2
108,서울,2023-12-03,.8
108,서울,2023-12-04,2.7
108,서울,2023-12-05,6.8
108,서울,2023-12-06,6.1
108,서울,2023-12-07,6.6
108,서울,2023-12-08,11.2
108,서울,2023-12-09,13.7
108,서울,2023-12-10,11.4
108,서울,2023-12-11,8.9
108,서울,2023-12-12,5.4
108,서울,2023-12-13,6.8
108,서울,2023-12-14,7.6
108,서울,2023-12-15,4.9
108,서울,2023-12-16,-4.1
108,서울,2023-12-17,-9.8
108,서울,2023-12-18,-7.7
108,서울,2023-12-19,-3.7
108,서울,2023-12-20,-7.4
108,서울,2023-12-21,-11.7
108,서울,2023-12-22,-11.6
108,서울,2023-12-23,-6.8
108,서울,2023-12-24,-2.2
108,서울,2023-12-25,-.7
108,서울,2023-12-26,1.9
108,서울,2023-12-27,1.5
108,서울,2023-12-28,1.2
108,서울,2023-12-29,1.3
108,서울,2023-12-30,.6
108,서울,2023-12-31,2.1
108,서울,2024-01-01,3.3
108,서울,2024-01-02,2.9
108,서울,2024-01-03,1.8
108,서울,2024-01-04,1.4
108,서울,2024-01-05,5
108,서울,2024-01-06,.7
108,서울,2024-01-07,-4.4
108,서울,2024-01-08,-4.7
108,서울,2024-01-09,-.6
108,서울,2024-01-10,-1
108,서울,2024-01-11,1.7
108,서울,2024-01-12,.9
108,서울,2024-01-13,.4
108,서울,2024-01-14,-.6
108,서울,2024-01-15,-3.7
108,서울,2024-01-16,-2.1
108,서울,2024-01-17,.6
108,서울,2024-01-18,4.5
108,서울,2024-01-19,5.4
108,서울,2024-01-20,3.4
108,서울,2024-01-21,1.7
108,서울,2024-01-22,-8.7
108,서울,2024-01-23,-11.7
108,서울,2024-01-24,-8
108,서울,2024-01-25,-5.3
108,서울,2024-01-26,-1.7
108,서울,2024-01-27,-.5
108,서울,2024-01-28,-1.5
108,서울,2024-01-29,-.4
108,서울,2024-01-30,1.4
108,서울,2024-01-31,4.7
108,서울,2024-02-01,2.4
108,서울,2024-02-02,3.1
108,서울,2024-02-03,4.7
108,서울,2024-02-04,7.3
108,서울,2024-02-05,2.7
108,서울,2024-02-06,1.2
108,서울,2024-02-07,.6
108,서울,2024-02-08,.6
108,서울,2024-02-09,1.1
108,서울,2024-02-10,1.7
108,서울,2024-02-11,1
108,서울,2024-02-12,3.5
108,서울,2024-02-13,8.2
108,서울,2024-02-14,12.9
108,서울,2024-02-15,4.5
108,서울,2024-02-16,2.3
108,서울,2024-02-17,4.4
108,서울,2024-02-18,6.2
108,서울,2024-02-19,9.1
108,서울,2024-02-20,4.3
108,서울,2024-02-21,1.9
108,서울,2024-02-22,.2
108,서울,2024-02-23,1.8
108,서울,2024-02-24,2
108,서울,2024-02-25,2.8
108,서울,2024-02-26,3.8
108,서울,2024-02-27,5.3
108,서울,2024-02-28,6.4
108,서울,2024-02-29,4.8
108,서울,2024-03-01,-4.1
108,서울,2024-03-02,-.5
108,서울,2024-03-03,4
108,서울,2024-03-04,5.4
108,서울,2024-03-05,8
108,서울,2024-03-06,6.2
108,서울,2024-03-07,3.9
108,서울,2024-03-08,2.1
108,서울,2024-03-09,2
108,서울,2024-03-10,4.2
108,서울,2024-03-11,6.2
108,서울,2024-03-12,6.6
108,서울,2024-03-13,6.5
108,서울,2024-03-14,8.5
108,서울,2024-03-15,8.9
108,서울,2024-03-16,10.9
108,서울,2024-03-17,8.8
108,서울,2024-03-18,7.1
108,서울,2024-03-19,6.7
108,서울,2024-03-20,4.4
108,서울,2024-03-21,5
108,서울,2024-03-22,10.4
108,서울,2024-03-23,13
108,서울,2024-03-24,16.2
108,서울,2024-03-25,10.6
108,서울,2024-03-26,7.4
108,서울,2024-03-27,10.4
108,서울,2024-03-28,10.3
108,서울,2024-03-29,7.6
108,서울,2024-03-30,8.8
108,서울,2024-03-31,10.6
108,서울,2024-04-01,12.2
108,서울,2024-04-02,15.4
108,서울,2024-04-03,16.6
108,서울,2024-04-04,15.5
108,서울,2024-04-05,14
108,서울,2024-04-06,12.7
108,서울,2024-04-07,14.8
108,서울,2024-04-08,16.2
108,서울,2024-04-09,15.3
108,서울,2024-04-10,13.8
108,서울,2024-04-11,15.5
108,서울,2024-04-12,17.2
108,서울,2024-04-13,19.1
108,서울,2024-04-14,20.8
108,서울,2024-04-15,16
108,서울,2024-04-16,13.3
108,서울,2024-04-17,15
108,서울,2024-04-18,17.3
108,서울,2024-04-19,17.6
108,서울,2024-04-20,14.9
108,서울,2024-04-21,17.2
108,서울,2024-04-22,18.8
108,서울,2024-04-23,17.3
108,서울,2024-04-24,13.2
108,서울,2024-04-25,14.4
108,서울,2024-04-26,17.8
108,서울,2024-04-27,18.2
108,서울,2024-04-28,20.7
108,서울,2024-04-29,20.9
108,서울,2024-04-30,18.6
108,서울,2024-05-01,18.5
108,서울,2024-05-02,18.1
108,서울,2024-05-03,19.7
108,서울,2024-05-04,21.4
108,서울,2024-05-05,17.8
108,서울,2024-05-06,13.9
108,서울,2024-05-07,13.3
108,서울,2024-05-08,14.7
108,서울,2024-05-09,16.1
108,서울,2024-05-10,17.9
108,서울,2024-05-11,17
108,서울,2024-05-12,16.6
108,서울,2024-05-13,18.3
108,서울,2024-05-14,18.8
108,서울,2024-05-15,12.6
108,서울,2024-05-16,13.7
108,서울,2024-05-17,18.3
108,서울,2024-05-18,20.7
108,서울,2024-05-19,21.5
108,서울,2024-05-20,19.4
108,서울,2024-05-21,21.7
108,서울,2024-05-22,20.5
108,서울,2024-05-23,20.2
108,서울,2024-05-24,20.1
108,서울,2024-05-25,21.4
108,서울,2024-05-26,19.9
108,서울,2024-05-27,18.5
108,서울,2024-05-28,20.4
108,서울,2024-05-29,21.2
108,서울,2024-05-30,20.7
108,서울,2024-05-31,20.4
108,서울,2024-06-01,20.7
108,서울,2024-06-02,20.4
108,서울,2024-06-03,22.2
108,서울,2024-06-04,22.8
108,서울,2024-06-05,23.6
108,서울,2024-06-06,24.1
108,서울,2024-06-07,23.1
108,서울,2024-06-08,20.3
108,서울,2024-06-09,22.9
108,서울,2024-06-10,24.7
108,서울,2024-06-11,25.4
108,서울,2024-06-12,24.8
108,서울,2024-06-13,26.4
108,서울,2024-06-14,26.3
108,서울,2024-06-15,24.2
108,서울,2024-06-16,24.3
108,서울,2024-06-17,24.8
108,서울,2024-06-18,26
108,서울,2024-06-19,28.8
108,서울,2024-06-20,29.4
108,서울,2024-06-21,28.1
108,서울,2024-06-22,24.2
108,서울,2024-06-23,25.1
108,서울,2024-06-24,24.3
108,서울,2024-06-25,22.9
108,서울,2024-06-26,24.9
108,서울,2024-06-27,26.3
108,서울,2024-06-28,26.6
108,서울,2024-06-29,26.7
108,서울,2024-06-30,23.5
108,서울,2024-07-01,26.3
108,서울,2024-07-02,23.2
108,서울,2024-07-03,24.7
108,서울,2024-07-04,26.8
108,서울,2024-07-05,23.4
108,서울,2024-07-06,25.1
108,서울,2024-07-07,24.4
108,서울,2024-07-08,23.8
108,서울,2024-07-09,24.5
108,서울,2024-07-10,26.6
108,서울,2024-07-11,25.7
108,서울,2024-07-12,25.6
108,서울,2024-07-13,28.1
108,서울,2024-07-14,28.4
108,서울,2024-07-15,28.4
108,서울,2024-07-16,27
108,서울,2024-07-17,25.4
108,서울,2024-07-18,24.3
108,서울,2024-07-19,27
108,서울,2024-07-20,27.2
108,서울,2024-07-21,26.5
108,서울,2024-07-22,26.6
108,서울,2024-07-23,26.4
108,서울,2024-07-24,28.1
108,서울,2024-07-25,28.8
108,서울,2024-07-26,28.7
108,서울,2024-07-27,28.9
108,서울,2024-07-28,29.2
108,서울,2024-07-29,27.4
108,서울,2024-07-30,28.6
108,서울,2024-07-31,29.4
108,서울,2024-08-01,29.9
108,서울,2024-08-02,29.6
108,서울,2024-08-03,30.2
108,서울,2024-08-04,31.8
108,서울,2024-08-05,30
108,서울,2024-08-06,29.5
108,서울,2024-08-07,29.6
108,서울,2024-08-08,28.5
108,서울,2024-08-09,29.3
108,서울,2024-08-10,30
108,서울,2024-08-11,30.8
108,서울,2024-08-12,31.1
108,서울,2024-08-13,31.3
108,서울,2024-08-14,30
108,서울,2024-08-15,29.2
108,서울,2024-08-16,29.8
108,서울,2024-08-17,29.8
108,서울,2024-08-18,29.5
108,서울,2024-08-19,29.7
108,서울,2024-08-20,31.4
108,서울,2024-08-21,28.4
108,서울,2024-08-22,28.6
108,서울,2024-08-23,28.4
108,서울,2024-08-24,27.6
108,서울,2024-08-25,28.5
108,서울,2024-08-26,28.1
108,서울,2024-08-27,26.5
108,서울,2024-08-28,28.2
108,서울,2024-08-29,28.4
108,서울,2024-08-30,28
108,서울,2024-08-31,27.6
108,서울,2024-09-01,27.1
108,서울,2024-09-02,24.5
108,서울,2024-09-03,27
108,서울,2024-09-04,27.9
108,서울,2024-09-05,26.3
108,서울,2024-09-06,24
108,서울,2024-09-07,26.5
108,서울,2024-09-08,27.2
108,서울,2024-09-09,28.5
108,서울,2024-09-10,29.4
108,서울,2024-09-11,29
108,서울,2024-09-12,25.4
108,서울,2024-09-13,25.9
108,서울,2024-09-14,28
108,서울,2024-09-15,27.5
108,서울,2024-09-16,26.8
108,서울,2024-09-17,28.6
108,서울,2024-09-18,29.4
108,서울,2024-09-19,29.1
108,서울,2024-09-20,25
108,서울,2024-09-21,19.3
108,서울,2024-09-22,21
108,서울,2024-09-23,20.8
108,서울,2024-09-24,21
108,서울,2024-09-25,23.3
108,서울,2024-09-26,23.6
108,서울,2024-09-27,22.7
108,서울,2024-09-28,23.2
108,서울,2024-09-29,23.5
108,서울,2024-09-30,23
108,서울,2024-10-01,18.3
108,서울,2024-10-02,14.9
108,서울,2024-10-03,16.4
108,서울,2024-10-04,17.6
108,서울,2024-10-05,17.5
108,서울,2024-10-06,15.4
108,서울,2024-10-07,16.9
108,서울,2024-10-08,17.7
108,서울,2024-10-09,18.8
108,서울,2024-10-10,18.8
108,서울,2024-10-11,18.6
108,서울,2024-10-12,18.3
108,서울,2024-10-13,18.3
108,서울,2024-10-14,19.3
108,서울,2024-10-15,19.2
108,서울,2024-10-16,18.2
108,서울,2024-10-17,19
108,서울,2024-10-18,17.4
108,서울,2024-10-19,16.6
108,서울,2024-10-20,13.4
108,서울,2024-10-21,14.8
108,서울,2024-10-22,15.5
108,서울,2024-10-23,12.7
108,서울,2024-10-24,12.5
108,서울,2024-10-25,14.9
108,서울,2024-10-26,17
108,서울,2024-10-27,16
108,서울,2024-10-28,15.7
108,서울,2024-10-29,15
108,서울,2024-10-30,15.7
108,서울,2024-10-31,15.9
108,서울,2024-11-01,15.3
108,서울,2024-11-02,18.1
108,서울,2024-11-03,17.6
108,서울,2024-11-04,14.8
108,서울,2024-11-05,9.1
108,서울,2024-11-06,7.5
108,서울,2024-11-07,7.8
108,서울,2024-11-08,10.2
108,서울,2024-11-09,12.9
108,서울,2024-11-10,14.4
108,서울,2024-11-11,14.6
108,서울,2024-11-12,14.3
108,서울,2024-11-13,14.2
108,서울,2024-11-14,14.8
108,서울,2024-11-15,17
108,서울,2024-11-16,17
108,서울,2024-11-17,7
108,서울,2024-11-18,2.8
108,서울,2024-11-19,5.7
108,서울,2024-11-20,6.5
108,서울,2024-11-21,9.7
108,서울,2024-11-22,6.2
108,서울,2024-11-23,6.4
108,서울,2024-11-24,7.4
108,서울,2024-11-25,10.1
108,서울,2024-11-26,5.8
108,서울,2024-11-27,-.4
108,서울,2024-11-28,.8
108,서울,2024-11-29,.2
108,서울,2024-11-30,2.5
108,서울,2024-12-01,5.2
108,서울,2024-12-02,6.4
108,서울,2024-12-03,1.3
108,서울,2024-12-04,3.1
108,서울,2024-12-05,3.9
108,서울,2024-12-06,2.1
108,서울,2024-12-07,.2
108,서울,2024-12-08,-.2
108,서울,2024-12-09,1
108,서울,2024-12-10,2.6
108,서울,2024-12-11,3
108,서울,2024-12-12,.5
108,서울,2024-12-13,1
108,서울,2024-12-14,-.8
108,서울,2024-12-15,1.2
108,서울,2024-12-16,-.2
108,서울,2024-12-17,-.8
108,서울,2024-12-18,-3.4
108,서울,2024-12-19,-1.4
108,서울,2024-12-20,1.4
108,서울,2024-12-21,-.7
108,서울,2024-12-22,-3.4
108,서울,2024-12-23,.3
108,서울,2024-12-24,-.4
108,서울,2024-12-25,2.7
108,서울,2024-12-26,.1
108,서울,2024-12-27,-2.6
108,서울,2024-12-28,-3
108,서울,2024-12-29,1.1
108,서울,2024-12-30,5.5
108,서울,2024-12-31,.6
108,서울,2025-01-01,2.6
108,서울,2025-01-02,.5
108,서울,2025-01-03,-1.1
108,서울,2025-01-04,-.1
108,서울,2025-01-05,1.2
108,서울,2025-01-06,1
108,서울,2025-01-07,-2.6
108,서울,2025-01-08,-3.4
108,서울,2025-01-09,-9.7
108,서울,2025-01-10,-7.3
108,서울,2025-01-11,-5.1
108,서울,2025-01-12,-3.4
108,서울,2025-01-13,-.4
108,서울,2025-01-14,2.3
108,서울,2025-01-15,-3.5
108,서울,2025-01-16,-.5
108,서울,2025-01-17,-.5
108,서울,2025-01-18,1
108,서울,2025-01-19,3.8
108,서울,2025-01-20,3.9
108,서울,2025-01-21,2.4
108,서울,2025-01-22,3.6
108,서울,2025-01-23,2
108,서울,2025-01-24,3.1
108,서울,2025-01-25,5.2
108,서울,2025-01-26,4.6
108,서울,2025-01-27,.2
108,서울,2025-01-28,-3.9
108,서울,2025-01-29,-4.6
108,서울,2025-01-30,-3.8
108,서울,2025-01-31,-.8
108,서울,2025-02-01,1.6
108,서울,2025-02-02,1.5
108,서울,2025-02-03,-4.1
108,서울,2025-02-04,-9
108,서울,2025-02-05,-8.6
108,서울,2025-02-06,-5.6
108,서울,2025-02-07,-8
108,서울,2025-02-08,-7.9
108,서울,2025-02-09,-4.7
108,서울,2025-02-10,-2.6
108,서울,2025-02-11,.5
108,서울,2025-02-12,.5
108,서울,2025-02-13,.2
108,서울,2025-02-14,3.7
108,서울,2025-02-15,4.1
108,서울,2025-02-16,4.3
108,서울,2025-02-17,-.3
108,서울,2025-02-18,-2.3
108,서울,2025-02-19,-3
108,서울,2025-02-20,-2.9
108,서울,2025-02-21,-2.5
108,서울,2025-02-22,-2.3
108,서울,2025-02-23,-3.6
108,서울,2025-02-24,-1.3
108,서울,2025-02-25,2.1
108,서울,2025-02-26,3.7
108,서울,2025-02-27,5.8
108,서울,2025-02-28,7.8
108,서울,2025-03-01,8.5
108,서울,2025-03-02,8.3
108,서울,2025-03-03,3.1
108,서울,2025-03-04,2.5
108,서울,2025-03-05,4.8
108,서울,2025-03-06,4.8
108,서울,2025-03-07,5.3
108,서울,2025-03-08,5.8
108,서울,2025-03-09,6.9
108,서울,2025-03-10,8
108,서울,2025-03-11,9.4
108,서울,2025-03-12,8.5
108,서울,2025-03-13,8.9
108,서울,2025-03-14,12.4
108,서울,2025-03-15,12.6
108,서울,2025-03-16,4.9
108,서울,2025-03-17,2.5
108,서울,2025-03-18,2.1
108,서울,2025-03-19,2.4
108,서울,2025-03-20,8.2
108,서울,2025-03-21,11.6
108,서울,2025-03-22,12.8
108,서울,2025-03-23,15.2
108,서울,2025-03-24,15.5
108,서울,2025-03-25,12.7
108,서울,2025-03-26,15.5
108,서울,2025-03-27,13.7
108,서울,2025-03-28,6.5
108,서울,2025-03-29,3.3
108,서울,2025-03-30,3.3
108,서울,2025-03-31,7.7
108,서울,2025-04-01,10.1
108,서울,2025-04-02,8.9
108,서울,2025-04-03,9.8
108,서울,2025-04-04,10.6
108,서울,2025-04-05,8
108,서울,2025-04-06,10.3
108,서울,2025-04-07,13.5
108,서울,2025-04-08,13.8
108,서울,2025-04-09,12.7
108,서울,2025-04-10,13.2
108,서울,2025-04-11,16.2
108,서울,2025-04-12,12.9
108,서울,2025-04-13,5.5
108,서울,2025-04-14,4.4
108,서울,2025-04-15,8.2
108,서울,2025-04-16,14.6
108,서울,2025-04-17,19.7
108,서울,2025-04-18,18.6
108,서울,2025-04-19,15.3
108,서울,2025-04-20,16.7
108,서울,2025-04-21,20.7
108,서울,2025-04-22,17.8
108,서울,2025-04-23,16.8
108,서울,2025-04-24,14.7
108,서울,2025-04-25,12.5
108,서울,2025-04-26,13.8
108,서울,2025-04-27,14.9
108,서울,2025-04-28,15.1
108,서울,2025-04-29,14.8
108,서울,2025-04-30,18.4
108,서울,2025-05-01,14.7
108,서울,2025-05-02,13.4
108,서울,2025-05-03,11.2
108,서울,2025-05-04,13.7
108,서울,2025-05-05,12.1
108,서울,2025-05-06,14.4
108,서울,2025-05-07,14.9
108,서울,2025-05-08,17.4
108,서울,2025-05-09,15.1
108,서울,2025-05-10,12.3
108,서울,2025-05-11,14.7
108,서울,2025-05-12,17
108,서울,2025-05-13,19.9
108,서울,2025-05-14,21
108,서울,2025-05-15,19.5
108,서울,2025-05-16,19.4
108,서울,2025-05-17,18.3
108,서울,2025-05-18,15.6
108,서울,2025-05-19,16.1
108,서울,2025-05-20,22.2
108,서울,2025-05-21,25.5
108,서울,2025-05-22,23.9
108,서울,2025-05-23,19.4
108,서울,2025-05-24,15.6
108,서울,2025-05-25,17.4
108,서울,2025-05-26,19.7
108,서울,2025-05-27,20.8
108,서울,2025-05-28,20.8
108,서울,2025-05-29,21.2
108,서울,2025-05-30,22.2
108,서울,2025-05-31,21.5
108,서울,2025-06-01,22.6
108,서울,2025-06-02,21
108,서울,2025-06-03,20.9
108,서울,2025-06-04,20.5
108,서울,2025-06-05,21.7
108,서울,2025-06-06,24.1
108,서울,2025-06-07,23.7
108,서울,2025-06-08,25.1
108,서울,2025-06-09,24.2
108,서울,2025-06-10,21.7
108,서울,2025-06-11,22.7
108,서울,2025-06-12,25.5
108,서울,2025-06-13,24
108,서울,2025-06-14,25.6
108,서울,2025-06-15,26.3
108,서울,2025-06-16,23
108,서울,2025-06-17,24.8
108,서울,2025-06-18,25.5
108,서울,2025-06-19,28.1
108,서울,2025-06-20,24.1
108,서울,2025-06-21,22
108,서울,2025-06-22,23.3
108,서울,2025-06-23,26.1
108,서울,2025-06-24,25
108,서울,2025-06-25,20.9
108,서울,2025-06-26,22.2
108,서울,2025-06-27,25
108,서울,2025-06-28,26.2
108,서울,2025-06-29,27.1
108,서울,2025-06-30,28.2
108,서울,2025-07-01,28.6
108,서울,2025-07-02,28.6
108,서울,2025-07-03,28.3
108,서울,2025-07-04,27.2
108,서울,2025-07-05,28.4
108,서울,2025-07-06,29.1
108,서울,2025-07-07,29.1
108,서울,2025-07-08,31.3
108,서울,2025-07-09,31.9
108,서울,2025-07-10,31.4
108,서울,2025-07-11,30.2
108,서울,2025-07-12,30.3
108,서울,2025-07-13,27.7
108,서울,2025-07-14,24.2
108,서울,2025-07-15,23.6
108,서울,2025-07-16,23.3
108,서울,2025-07-17,23.3
108,서울,2025-07-18,24.7
108,서울,2025-07-19,23.9
108,서울,2025-07-20,27.7
108,서울,2025-07-21,28.5
108,서울,2025-07-22,28.8
108,서울,2025-07-23,28.9
108,서울,2025-07-24,29.8
108,서울,2025-07-25,31.1
108,서울,2025-07-26,32.3
108,서울,2025-07-27,32.8
108,서울,2025-07-28,32.2
108,서울,2025-07-29,32
108,서울,2025-07-30,32.1
108,서울,2025-07-31,30.9
108,서울,2025-08-01,31
108,서울,2025-08-02,31.2
108,서울,2025-08-03,28.8
108,서울,2025-08-04,28.1
108,서울,2025-08-05,29.1
108,서울,2025-08-06,27.1
108,서울,2025-08-07,28.2
108,서울,2025-08-08,26.6
108,서울,2025-08-09,24.9
108,서울,2025-08-10,27.3
108,서울,2025-08-11,27
108,서울,2025-08-12,28.6
108,서울,2025-08-13,25.1
108,서울,2025-08-14,25.5
108,서울,2025-08-15,27.1
108,서울,2025-08-16,28.2
108,서울,2025-08-17,28.4
108,서울,2025-08-18,28.9
108,서울,2025-08-19,29.1
108,서울,2025-08-20,29.4
108,서울,2025-08-21,29.8
108,서울,2025-08-22,29.4
108,서울,2025-08-23,29.3
108,서울,2025-08-24,30.2
108,서울,2025-08-25,28.7
108,서울,2025-08-26,27.6
108,서울,2025-08-27,26.7
108,서울,2025-08-28,28.3
108,서울,2025-08-29,29
108,서울,2025-08-30,28.4
108,서울,2025-08-31,28.5
108,서울,2025-09-01,26.1
108,서울,2025-09-02,26
108,서울,2025-09-03,27.6
108,서울,2025-09-04,25.8
108,서울,2025-09-05,27.9
108,서울,2025-09-06,26.8
108,서울,2025-09-07,25.3
108,서울,2025-09-08,24.4
108,서울,2025-09-09,23.7
108,서울,2025-09-10,24.8
108,서울,2025-09-11,25.8
108,서울,2025-09-12,23.9
108,서울,2025-09-13,23.3
108,서울,2025-09-14,24.8
108,서울,2025-09-15,25.7
108,서울,2025-09-16,23.7
108,서울,2025-09-17,22.7
108,서울,2025-09-18,22.1
108,서울,2025-09-19,19.4
108,서울,2025-09-20,20
108,서울,2025-09-21,21.6
108,서울,2025-09-22,21.3
108,서울,2025-09-23,22.7
108,서울,2025-09-24,22
108,서울,2025-09-25,22.5
108,서울,2025-09-26,21.7
108,서울,2025-09-27,22.5
108,서울,2025-09-28,20
108,서울,2025-09-29,19.6
108,서울,2025-09-30,19.8
108,서울,2025-10-01,20.5
108,서울,2025-10-02,21.4
108,서울,2025-10-03,21.2
108,서울,2025-10-04,22.5
108,서울,2025-10-05,21.4
108,서울,2025-10-06,17.6
108,서울,2025-10-07,18.2
108,서울,2025-10-08,21.9
108,서울,2025-10-09,20
108,서울,2025-10-10,17
108,서울,2025-10-11,20.3
108,서울,2025-10-12,19
108,서울,2025-10-13,15.7
108,서울,2025-10-14,17.9
108,서울,2025-10-15,20.2
108,서울,2025-10-16,20.2
108,서울,2025-10-17,19.9
108,서울,2025-10-18,15.8
108,서울,2025-10-19,14.5
108,서울,2025-10-20,10
108,서울,2025-10-21,9.2
108,서울,2025-10-22,13.1
108,서울,2025-10-23,14.9
108,서울,2025-10-24,15.8
108,서울,2025-10-25,14.4
108,서울,2025-10-26,12.2
108,서울,2025-10-27,8.1
108,서울,2025-10-28,8.5
108,서울,2025-10-29,11.4
108,서울,2025-10-30,12.8
108,서울,2025-10-31,15.1
108,서울,2025-11-01,12.9
108,서울,2025-11-02,8
108,서울,2025-11-03,7.2
108,서울,2025-11-04,10.2
108,서울,2025-11-05,11.6
108,서울,2025-11-06,12.5
108,서울,2025-11-07,13.9
108,서울,2025-11-08,14.5
108,서울,2025-11-09,13.5
108,서울,2025-11-10,8.3
108,서울,2025-11-11,8.9
108,서울,2025-11-12,10.8
108,서울,2025-11-13,11.1
108,서울,2025-11-14,9.1
108,서울,2025-11-15,9.8
108,서울,2025-11-16,11.6
108,서울,2025-11-17,3.2
108,서울,2025-11-18,1.6
108,서울,2025-11-19,3
108,서울,2025-11-20,7.4
108,서울,2025-11-21,7.4
108,서울,2025-11-22,9.6
108,서울,2025-11-23,10.9
108,서울,2025-11-24,12.4
108,서울,2025-11-25,7.4
108,서울,2025-11-26,6.4
108,서울,2025-11-27,5.1
108,서울,2025-11-28,2.3
108,서울,2025-11-29,5.7
108,서울,2025-11-30,12.4
108,서울,2025-12-01,5.5
108,서울,2025-12-02,.1
108,서울,2025-12-03,-5.9
108,서울,2025-12-04,-3.2
108,서울,2025-12-05,-2.6
108,서울,2025-12-06,2.1
108,서울,2025-12-07,8.3
108,서울,2025-12-08,3.4
108,서울,2025-12-09,2.8
108,서울,2025-12-10,4.9
108,서울,2025-12-11,4
108,서울,2025-12-12,2
108,서울,2025-12-13,2.6
108,서울,2025-12-14,-.1
108,서울,2025-12-15,.7
108,서울,2025-12-16,3.8
108,서울,2025-12-17,4.2
108,서울,2025-12-18,2.3
108,서울,2025-12-19,4.9
108,서울,2025-12-20,7.3
108,서울,2025-12-21,-1.1
108,서울,2025-12-22,-.7
108,서울,2025-12-23,2.6
108,서울,2025-12-24,2.8
108,서울,2025-12-25,-3.6
108,서울,2025-12-26,-8.2
108,서울,2025-12-27,-2.6
108,서울,2025-12-28,3.2
108,서울,2025-12-29,4.9
108,서울,2025-12-30,-.5
108,서울,2025-12-31,-5.6
108,서울,2026-01-01,-7.4
108,서울,2026-01-02,-8
108,서울,2026-01-03,-4.7
108,서울,2026-01-04,.2
108,서울,2026-01-05,-1.9
108,서울,2026-01-06,-.9
108,서울,2026-01-07,-.2
108,서울,2026-01-08,-5.1
108,서울,2026-01-09,-.3
108,서울,2026-01-10,2
108,서울,2026-01-11,-6.7
108,서울,2026-01-12,-3.8
108,서울,2026-01-13,-3.3
108,서울,2026-01-14,-3.3
108,서울,2026-01-15,4.7
108,서울,2026-01-16,3.6
108,서울,2026-01-17,.2
108,서울,2026-01-18,.4
108,서울,2026-01-19,-3.9
108,서울,2026-01-20,-8.4
108,서울,2026-01-21,-9.7
108,서울,2026-01-22,-9.1
108,서울,2026-01-23,-5
108,서울,2026-01-24,-5.3
108,서울,2026-01-25,-6
108,서울,2026-01-26,-4.2
108,서울,2026-01-27,-4.4
108,서울,2026-01-28,-5.4
108,서울,2026-01-29,-5.2
108,서울,2026-01-30,-6.4
108,서울,2026-01-31,-4.1
108,서울,2026-02-01,-2
108,서울,2026-02-02,-2.1
108,서울,2026-02-03,-.9
108,서울,2026-02-04,2.8
108,서울,2026-02-05,3.6
108,서울,2026-02-06,-6
108,서울,2026-02-07,-8.1
108,서울,2026-02-08,-8.2
108,서울,2026-02-09,-3.1
108,서울,2026-02-10,1.4
108,서울,2026-02-11,2.7
108,서울,2026-02-12,2.8
108,서울,2026-02-13,5.3
108,서울,2026-02-14,7.8
108,서울,2026-02-15,6.6
108,서울,2026-02-16,2.4
108,서울,2026-02-17,1.7
108,서울,2026-02-18,2.4
108,서울,2026-02-19,2.1
108,서울,2026-02-20,6.3
108,서울,2026-02-21,10.7
108,서울,2026-02-22,8.4
108,서울,2026-02-23,1.8
108,서울,2026-02-24,2.8
108,서울,2026-02-25,7.4
108,서울,2026-02-26,8.3
108,서울,2026-02-27,9.6
108,서울,2026-02-28,9.3
108,서울,2026-03-01,9.1
108,서울,2026-03-02,4.9
108,서울,2026-03-03,5.9
108,서울,2026-03-04,6
108,서울,2026-03-05,6
108,서울,2026-03-06,1.9
108,서울,2026-03-07,1
108,서울,2026-03-08,2
108,서울,2026-03-09,4.5
108,서울,2026-03-10,3.9
108,서울,2026-03-11,4.5
108,서울,2026-03-12,7.1
108,서울,2026-03-13,7.6
108,서울,2026-03-14,8.1
108,서울,2026-03-15,7.4
108,서울,2026-03-16,7.4
108,서울,2026-03-17,8.8
108,서울,2026-03-18,6.8
108,서울,2026-03-19,6.1
108,서울,2026-03-20,7.5
108,서울,2026-03-21,8.4
108,서울,2026-03-22,11
108,서울,2026-03-23,11.9
108,서울,2026-03-24,12.9
108,서울,2026-03-25,12.8
108,서울,2026-03-26,12.1
108,서울,2026-03-27,11.4
108,서울,2026-03-28,12.2
108,서울,2026-03-29,13.6
108,서울,2026-03-30,16
108,서울,2026-03-31,14.2
108,서울,2026-04-01,13.3
108,서울,2026-04-02,11.6
108,서울,2026-04-03,14.7
108,서울,2026-04-04,14.3
108,서울,2026-04-05,11.5
108,서울,2026-04-06,10.2
108,서울,2026-04-07,8.2
108,서울,2026-04-08,10.3
108,서울,2026-04-09,10.6
108,서울,2026-04-10,10.3
108,서울,2026-04-11,10.9
108,서울,2026-04-12,14.9
108,서울,2026-04-13,18.7
108,서울,2026-04-14,20.7
108,서울,2026-04-15,19.7
108,서울,2026-04-16,19.8
108,서울,2026-04-17,17.4
108,서울,2026-04-18,19.2
108,서울,2026-04-19,21.6
108,서울,2026-04-20,13.4
108,서울,2026-04-21,12.2
108,서울,2026-04-22,14.2
108,서울,2026-04-23,17
108,서울,2026-04-24,18
108,서울,2026-04-25,18.2
108,서울,2026-04-26,17.8
108,서울,2026-04-27,16.2
108,서울,2026-04-28,13.3
108,서울,2026-04-29,14.9
108,서울,2026-04-30,17.4
108,서울,2026-05-01,17.8
108,서울,2026-05-02,17.3
108,서울,2026-05-03,13
108,서울,2026-05-04,13.7
108,서울,2026-05-05,14.5
108,서울,2026-05-06,16.9
108,서울,2026-05-07,15.4
108,서울,2026-05-08,15.2
108,서울,2026-05-09,15.9
108,서울,2026-05-10,17.1
108,서울,2026-05-11,16.8
108,서울,2026-05-12,19.1
108,서울,2026-05-13,19.7
108,서울,2026-05-14,23.5
108,서울,2026-05-15,24.2
108,서울,2026-05-16,23.1
108,서울,2026-05-17,22.6
108,서울,2026-05-18,23
108,서울,2026-05-19,22.1
108,서울,2026-05-20,16.9
108,서울,2026-05-21,17
108,서울,2026-05-22,20.6
108,서울,2026-05-23,19.2
108,서울,2026-05-24,22.1
108,서울,2026-05-25,24.4
108,서울,2026-05-26,24.9
108,서울,2026-05-27,22.3
108,서울,2026-05-28,20.9
108,서울,2026-05-29,21.5
108,서울,2026-05-30,22.5
108,서울,2026-05-31,24.3
108,서울,2026-06-01,22.9
108,서울,2026-06-02,25.4
108,서울,2026-06-03,25.5
108,서울,2026-06-04,23.6
108,서울,2026-06-05,20.6
108,서울,2026-06-06,22.3
108,서울,2026-06-07,22.1
108,서울,2026-06-08,21.1
108,서울,2026-06-09,21.6
108,서울,2026-06-10,21.6
108,서울,2026-06-11,21
108,서울,2026-06-12,22.4
108,서울,2026-06-13,24.1
108,서울,2026-06-14,23.6
108,서울,2026-06-15,25.4
108,서울,2026-06-16,27
108,서울,2026-06-17,26.9
108,서울,2026-06-18,27.2
108,서울,2026-06-19,26.4
108,서울,2026-06-20,21.3
108,서울,2026-06-21,23.7
108,서울,2026-06-22,24.4
108,서울,2026-06-23,25.8
108,서울,2026-06-24,24.3
108,서울,2026-06-25,22.3
108,서울,2026-06-26,23.5
108,서울,2026-06-27,26.3
108,서울,2026-06-28,26.1
108,서울,2026-06-29,26.2
108,서울,2026-06-30,26.8
108,서울,2026-07-01,26.3
108,서울,2026-07-02,24.3
108,서울,2026-07-03,24.8
108,서울,2026-07-04,25.8
108,서울,2026-07-05,25.6
108,서울,2026-07-06,26
108,서울,2026-07-07,28.2
108,서울,2026-07-08,25.1
108,서울,2026-07-09,24
108,서울,2026-07-10,26
108,서울,2026-07-11,28.6
108,서울,2026-07-12,30.3
108,서울,2026-07-13,30.4
108,서울,2026-07-14,28.1
108,서울,2026-07-15,24.6
108,서울,2026-07-16,26.4
108,서울,2026-07-17,27.8
108,서울,2026-07-18,24
108,서울,2026-07-19,25.9
108,서울,2026-07-20,24.3
108,서울,2026-07-21,25.1
108,서울,2026-07-22,25.7
108,서울,2026-07-23,27.1
108,서울,2026-07-24,28.5
108,서울,2026-07-25,28.7
108,서울,2026-07-26,29.2
108,서울,2026-07-27,28.9
108,서울,2026-07-28,29
108,서울,2026-07-29,28.5
108,서울,2026-07-30,28.3
108,서울,2026-07-31,29.1
108,서울,2026-08-01,30
108,서울,2026-08-02,30.4
108,서울,2026-08-03,31.5
108,서울,2026-08-04,32.6
108,서울,2026-08-05,32.8
108,서울,2026-08-06,32.9
108,서울,2026-08-07,33.1
108,서울,2026-08-08,31.2
108,서울,2026-08-09,27.6
108,서울,2026-08-10,29.1
108,서울,2026-08-11,28.1
108,서울,2026-08-12,26.5
108,서울,2026-08-13,27.3
108,서울,2026-08-14,27.8
108,서울,2026-08-15,26.1
108,서울,2026-08-16,24.1
108,서울,2026-08-17,24.9
108,서울,2026-08-18,27
108,서울,2026-08-19,27.1
108,서울,2026-08-20,26
108,서울,2026-08-21,26.1
108,서울,2026-08-22,24.1
108,서울,2026-08-23,27.5
108,서울,2026-08-24,28.6
108,서울,2026-08-25,28.6
108,서울,2026-08-26,27.9
108,서울,2026-08-27,28.5
108,서울,2026-08-28,26.9
108,서울,2026-08-29,27
108,서울,2026-08-30,26
108,서울,2026-08-31,24.2
108,서울,2026-09-01,22.8
108,서울,2026-09-02,24.7
108,서울,2026-09-03,26
108,서울,2026-09-04,25.1
108,서울,2026-09-05,24
108,서울,2026-09-06,23.9
108,서울,2026-09-07,24
108,서울,2026-09-08,24.4
108,서울,2026-09-09,21.3
108,서울,2026-09-10,18.4
108,서울,2026-09-11,20
108,서울,2026-09-12,20.5
108,서울,2026-09-13,21
108,서울,2026-09-14,21.8
108,서울,2026-09-15,20.4
108,서울,2026-09-16,21.6
108,서울,2026-09-17,22.8
108,서울,2026-09-18,23.7
108,서울,2026-09-19,24.4
108,서울,2026-09-20,23.8
108,서울,2026-09-21,23.8
108,서울,2026-09-22,23.9
108,서울,2026-09-23,23.7
108,서울,2026-09-24,22.5
108,서울,2026-09-25,20.2
108,서울,2026-09-26,21.9
108,서울,2026-09-27,22.4
108,서울,2026-09-28,21.2
108,서울,2026-09-29,20.9
108,서울,2026-09-30,21.6
